Nom;Type de produit;Téléphone;Email;Ville;Adresse
Maison Girod;Fenêtres PVC;06 39 98 12 04;maison.girod@example.com;Annecy;14 avenue de Brogny
Résidence Les Aravis;Volets roulants;06 39 98 27 15;syndic.aravis@example.com;Seynod;3 rue du Salève
Boulangerie Perrin;Porte d'entrée;06 39 98 33 41;boulangerie.perrin@example.com;Cran-Gevrier;22 rue Aristide-Briand
Cabinet Vidonne;Rénovation bureaux;06 39 98 48 26;accueil.vidonne@example.com;Annecy;8 quai de la Tournette
Chalet Bellerive;Stores bannes;06 39 98 51 67;chalet.bellerive@example.com;Talloires-Montmin;165 route du Port
Famille Rochat;Isolation combles;06 39 98 62 09;famille.rochat@example.com;Poisy;9 impasse des Vergers
Hôtel du Semnoz;Peinture intérieure;06 39 98 70 38;reception.semnoz@example.com;Sevrier;41 route d'Albertville
École Les Marquisats;Plâtrerie;06 39 98 84 52;ecole.marquisats@example.com;Annecy;5 rue des Marquisats
SCI Fontaine;Carrelage;06 39 98 91 73;sci.fontaine@example.com;Épagny Metz-Tessy;27 allée du Parc
Pharmacie du Lac;Menuiserie aluminium;06 39 98 15 86;pharmacie.lac@example.com;Veyrier-du-Lac;2 place de la Mairie
Garage Mercier;Bardage;06 39 98 29 90;garage.mercier@example.com;Rumilly;60 avenue de l'Aréna
Villa Moreau;Pergola bioclimatique;06 39 98 36 11;villa.moreau@example.com;Menthon-Saint-Bernard;18 chemin des Moulins
